,customer_id,Not Churned,Churned,predicted
0,4716-MRVEN,0.9873,0.0127,Not Churned
1,8966-KZXXA,0.9865,0.0135,Not Churned
2,8720-RQSBJ,0.3749,0.6251,Churned
3,7504-UWHNB,0.5527,0.4473,Not Churned
4,1730-VFMWO,0.8542,0.1458,Not Churned
5,5297-MDOIR,0.9381,0.0619,Not Churned
6,1273-MTETI,0.2529,0.7471,Churned
7,4847-QNOKA,0.4231,0.5769,Churned
8,2091-MJTFX,0.8336,0.1664,Not Churned
9,0118-JPNOY,0.6219,0.3781,Not Churned
10,3374-LXDEV,0.4683,0.5317,Churned
11,1697-BCSHV,0.867,0.133,Not Churned
12,3070-FNFZQ,0.9815,0.0185,Not Churned
13,7586-ZATGZ,0.4709,0.5291,Churned
14,7786-WBJYI,0.3406,0.6594,Churned
15,9362-MWODR,0.8618,0.1382,Not Churned
16,2391-IPLOP,0.9147,0.0853,Not Churned
17,6656-JWRQX,0.583,0.417,Not Churned
18,1623-NLDOT,0.9225,0.0775,Not Churned
19,8908-NMQTX,0.9905,0.0095,Not Churned
20,2789-HQBOU,0.2797,0.7203,Churned
21,6289-CPNLD,0.8892,0.1108,Not Churned
22,6064-ZATLR,0.9624,0.0376,Not Churned
23,5269-NRGDP,0.8927,0.1073,Not Churned
24,1428-GTBJJ,0.3782,0.6218,Churned
25,8474-UMLNT,0.8708,0.1292,Not Churned
26,9799-CAYJJ,0.246,0.754,Churned
27,7302-ZHMHP,0.7156,0.2844,Not Churned
28,4835-YSJMR,0.9473,0.0527,Not Churned
29,9514-JDSKI,0.4699,0.5301,Churned
30,3842-IYKUE,0.6375,0.3625,Not Churned
31,9830-ECLEN,0.9176,0.0824,Not Churned
32,2696-ECXKC,0.7908,0.2092,Not Churned
33,7061-OVMIM,0.9729,0.0271,Not Churned
34,6258-NGCNG,0.8686,0.1314,Not Churned
35,2692-AQCPF,0.838,0.162,Not Churned
36,7973-DZRKH,0.9305,0.0695,Not Churned
37,8337-MSSXB,0.3713,0.6287,Churned
38,6893-ODYYE,0.911,0.089,Not Churned
39,4976-LNFVV,0.7439,0.2561,Not Churned
40,9903-LYSAB,0.414,0.586,Churned
41,5469-NUJUR,0.9929,0.0071,Not Churned
42,3768-VHXQO,0.9859,0.0141,Not Churned
43,5918-VUKWP,0.9776,0.0224,Not Churned
44,7394-LWLYN,0.2606,0.7394,Churned
45,6227-FBDXH,0.792,0.208,Not Churned
46,2581-VKIRT,0.9401,0.0599,Not Churned
47,6030-REHUX,0.5642,0.4358,Not Churned
48,1150-FTQGN,0.8778,0.1222,Not Churned
49,0980-FEXWF,0.9088,0.0912,Not Churned
50,8042-JVNFH,0.2497,0.7503,Churned
51,6341-JVQGF,0.9205,0.0795,Not Churned
52,7789-HKSBS,0.7916,0.2084,Not Churned
53,2815-CPTUL,0.4274,0.5726,Churned
54,6933-FHBZC,0.9086,0.0914,Not Churned
55,7684-XSZIY,0.9942,0.0058,Not Churned
56,5056-FIMPT,0.7507,0.2493,Not Churned
57,1222-KJNZD,0.9304,0.0696,Not Churned
58,7422-WNBTY,0.5176,0.4824,Not Churned
59,6646-JPPHA,0.5447,0.4553,Not Churned
60,7901-TBKJX,0.5307,0.4693,Not Churned
61,0164-APGRB,0.9233,0.0767,Not Churned
62,6870-ECSHE,0.8644,0.1356,Not Churned
63,3683-QKIUE,0.6654,0.3346,Not Churned
64,2511-ALLCS,0.9883,0.0117,Not Churned
65,5022-JNQEQ,0.422,0.578,Churned
66,8292-ITGYJ,0.9897,0.0103,Not Churned
67,9253-VIFJQ,0.9179,0.0821,Not Churned
68,0661-XEYAN,0.3866,0.6134,Churned
69,9796-BPKIW,0.4764,0.5236,Churned
70,6408-WHTEF,0.9875,0.0125,Not Churned
71,9617-INGJY,0.2513,0.7487,Churned
72,5989-PGKJB,0.3836,0.6164,Churned
73,9661-JALZV,0.9855,0.0145,Not Churned
74,0270-THENM,0.9795,0.0205,Not Churned
75,8966-SNIZF,0.9925,0.0075,Not Churned
76,6368-TZZDT,0.9661,0.0339,Not Churned
77,4385-GZQXV,0.5153,0.4847,Not Churned
78,5453-AXEPF,0.4331,0.5669,Churned
79,9761-XUJWD,0.7007,0.2993,Not Churned
80,6650-BWFRT,0.9469,0.0531,Not Churned
81,8885-QSQBX,0.5846,0.4154,Not Churned
82,6103-BOCOU,0.4846,0.5154,Churned
83,3466-RITXD,0.6134,0.3866,Not Churned
84,3583-KRKMD,0.5928,0.4072,Not Churned
85,6906-MPARY,0.8328,0.1672,Not Churned
86,8336-TAVKX,0.9718,0.0282,Not Churned
87,2722-VOJQL,0.7899,0.2101,Not Churned
88,6727-IOTLZ,0.9132,0.0868,Not Churned
89,5834-ASPWA,0.177,0.823,Churned
90,1612-EOHDH,0.4215,0.5785,Churned
91,4631-OACRM,0.3521,0.6479,Churned
92,9770-KXGQU,0.8543,0.1457,Not Churned
93,4988-IQIGL,0.1386,0.8614,Churned
94,4290-BSXUX,0.3205,0.6795,Churned
95,5073-WXOYN,0.7823,0.2177,Not Churned
96,6425-JWTDV,0.9947,0.0053,Not Churned
97,5913-INRQV,0.8284,0.1716,Not Churned
98,7551-DACSP,0.6868,0.3132,Not Churned
99,9992-UJOEL,0.4434,0.5566,Churned
100,6007-TCTST,0.9533,0.0467,Not Churned
101,5176-LMJXE,0.9957,0.0043,Not Churned
102,2834-JKOOW,0.9205,0.0795,Not Churned
103,7766-CLTIC,0.7336,0.2664,Not Churned
104,9728-FTTVZ,0.2078,0.7922,Churned
105,6328-ZPBGN,0.3317,0.6683,Churned
106,0420-BWTPW,0.6867,0.3133,Not Churned
107,8118-TJAFG,0.4005,0.5995,Churned
108,3985-HOYPM,0.9871,0.0129,Not Churned
109,0239-OXEXL,0.7314,0.2686,Not Churned
110,4753-PADAS,0.7779,0.2221,Not Churned
111,3658-KIBGF,0.5621,0.4379,Not Churned
112,9470-XCCEM,0.557,0.443,Not Churned
113,5753-QQWPW,0.9158,0.0842,Not Churned
114,4365-MSDYN,0.8492,0.1508,Not Churned
115,5850-BDWCY,0.8879,0.1121,Not Churned
116,7826-VVKWT,0.7544,0.2456,Not Churned
117,3692-JHONH,0.7444,0.2556,Not Churned
118,5550-VFRLC,0.1538,0.8462,Churned
119,0048-LUMLS,0.7981,0.2019,Not Churned
120,0302-JOIVN,0.396,0.604,Churned
121,8099-MZPUJ,0.8642,0.1358,Not Churned
122,2519-ERQOJ,0.7681,0.2319,Not Churned
123,9274-UARKJ,0.4273,0.5727,Churned
124,4115-BNPJY,0.9525,0.0475,Not Churned
125,1779-PWPMG,0.9583,0.0417,Not Churned
126,4529-CKBCL,0.2471,0.7529,Churned
127,9497-QCMMS,0.1274,0.8726,Churned
128,9057-SIHCH,0.2424,0.7576,Churned
129,6145-NNPNO,0.4618,0.5382,Churned
130,5600-PDUJF,0.665,0.335,Not Churned
131,6270-OMFIW,0.7746,0.2254,Not Churned
132,3316-UWXUY,0.7782,0.2218,Not Churned
133,7321-KKSDU,0.992,0.008,Not Churned
134,8878-HMWBV,0.4323,0.5677,Churned
135,2684-EIWEO,0.7301,0.2699,Not Churned
136,4547-FZJWE,0.9215,0.0785,Not Churned
137,4750-UKWJK,0.9847,0.0153,Not Churned
138,1902-XBTFB,0.5246,0.4754,Not Churned
139,5324-KTGCG,0.967,0.033,Not Churned
140,8714-EUHJO,0.5114,0.4886,Not Churned
141,1472-TNCWL,0.5342,0.4658,Not Churned
142,3932-CMDTD,0.5367,0.4633,Not Churned
143,5727-MYATE,0.9851,0.0149,Not Churned
144,6008-NAIXK,0.802,0.198,Not Churned
145,9506-UXUSK,0.4122,0.5878,Churned
146,1042-HFUCW,0.9065,0.0935,Not Churned
147,4237-CLSMM,0.8331,0.1669,Not Churned
148,4588-YBNIB,0.6621,0.3379,Not Churned
149,0940-OUQEC,0.3776,0.6224,Churned
150,9095-HFAFX,0.4001,0.5999,Churned
151,1400-MMYXY,0.2261,0.7739,Churned
152,3999-QGRJH,0.3808,0.6192,Churned
153,7169-YWAMK,0.9627,0.0373,Not Churned
154,7831-QGOXH,0.4542,0.5458,Churned
155,9432-RUVSL,0.8898,0.1102,Not Churned
156,1184-PJVDB,0.3514,0.6486,Churned
157,7534-BFESC,0.4634,0.5366,Churned
158,6439-PKTRR,0.9736,0.0264,Not Churned
159,8309-PPCED,0.8803,0.1197,Not Churned
160,6898-RBTLU,0.9548,0.0452,Not Churned
161,9692-TUSXH,0.4452,0.5548,Churned
162,5996-EBTKM,0.9642,0.0358,Not Churned
163,3737-XBQDD,0.5485,0.4515,Not Churned
164,9943-VSZUV,0.6328,0.3672,Not Churned
165,6818-DJXAA,0.4709,0.5291,Churned
166,7537-RBWEA,0.4564,0.5436,Churned
167,9269-CQOOL,0.5645,0.4355,Not Churned
168,8740-CRYFY,0.1841,0.8159,Churned
169,9053-EJUNL,0.5142,0.4858,Not Churned
170,9974-JFBHQ,0.7161,0.2839,Not Churned
171,3858-XHYJO,0.792,0.208,Not Churned
172,5168-MQQCA,0.8241,0.1759,Not Churned
173,8065-BVEPF,0.634,0.366,Not Churned
174,0221-WMXNQ,0.5028,0.4972,Not Churned
175,2545-LXYVJ,0.9948,0.0052,Not Churned
176,1009-IRMNA,0.8676,0.1324,Not Churned
177,0164-XAIRP,0.9719,0.0281,Not Churned
178,0431-APWVY,0.7747,0.2253,Not Churned
179,7337-CINUD,0.9555,0.0445,Not Churned
180,2277-DJJDL,0.6608,0.3392,Not Churned
181,6918-UMQCG,0.3608,0.6392,Churned
182,8992-VONJD,0.8589,0.1411,Not Churned
183,6384-VMJHP,0.9803,0.0197,Not Churned
184,1389-WNUIB,0.9105,0.0895,Not Churned
185,1196-AMORA,0.4061,0.5939,Churned
186,9242-TKFSV,0.9881,0.0119,Not Churned
187,2307-FYNNL,0.8632,0.1368,Not Churned
188,1905-OEILC,0.6831,0.3169,Not Churned
189,4826-DXMUP,0.8462,0.1538,Not Churned
190,7964-ZRKKG,0.8662,0.1338,Not Churned
191,9522-ZSINC,0.9621,0.0379,Not Churned
192,8313-NDOIA,0.4466,0.5534,Churned
193,8050-DVOJX,0.9426,0.0574,Not Churned
194,7010-BRBUU,0.9941,0.0059,Not Churned
195,1963-SVUCV,0.4197,0.5803,Churned
196,8920-NAVAY,0.7818,0.2182,Not Churned
197,0396-YCHWO,0.4668,0.5332,Churned
198,1984-FCOWB,0.7504,0.2496,Not Churned
199,6305-YLBMM,0.7989,0.2011,Not Churned
200,9824-QCJPK,0.9892,0.0108,Not Churned
201,1322-AGOQM,0.8079,0.1921,Not Churned
202,3230-WYKIR,0.8519,0.1481,Not Churned
203,9873-MNDKV,0.7437,0.2563,Not Churned
204,9862-KJTYK,0.7874,0.2126,Not Churned
205,0411-EZJZE,0.619,0.381,Not Churned
206,2977-CEBSX,0.9675,0.0325,Not Churned
207,7129-CAKJW,0.4949,0.5051,Churned
208,0376-YMCJC,0.5454,0.4546,Not Churned
209,8165-CBKXO,0.9062,0.0938,Not Churned
210,0454-OKRCT,0.8808,0.1192,Not Churned
211,1360-JYXKQ,0.7831,0.2169,Not Churned
212,3057-VJJQE,0.9759,0.0241,Not Churned
213,6543-XRMYR,0.5048,0.4952,Not Churned
214,9921-EZKBY,0.6473,0.3527,Not Churned
215,2808-CHTDM,0.9826,0.0174,Not Churned
216,0742-LAFQK,0.9242,0.0758,Not Churned
217,7089-RKVSZ,0.9614,0.0386,Not Churned
218,7404-JLKQG,0.5661,0.4339,Not Churned
219,3522-CDKHF,0.6702,0.3298,Not Churned
220,8566-YPRGL,0.6826,0.3174,Not Churned
221,3346-BRMIS,0.6615,0.3385,Not Churned
222,2284-VFLKH,0.8134,0.1866,Not Churned
223,8777-MBMTS,0.8988,0.1012,Not Churned
224,4291-HPAXL,0.6659,0.3341,Not Churned
225,3030-YDNRM,0.3483,0.6517,Churned
226,0531-ZZJWQ,0.5312,0.4688,Not Churned
227,4636-OLWOE,0.9347,0.0653,Not Churned
228,5960-MVTUK,0.5174,0.4826,Not Churned
229,1589-AGTLK,0.4401,0.5599,Churned
230,1862-QRWPE,0.9899,0.0101,Not Churned
231,3638-VBZTA,0.9504,0.0496,Not Churned
232,7277-KAMWT,0.9752,0.0248,Not Churned
233,9838-BFCQT,0.9942,0.0058,Not Churned
234,5002-GCQFH,0.6834,0.3166,Not Churned
235,2675-OTVVJ,0.5405,0.4595,Not Churned
236,4139-DETXS,0.9901,0.0099,Not Churned
237,9167-APMXZ,0.5204,0.4796,Not Churned
238,5619-PTMIK,0.8303,0.1697,Not Churned
239,4385-ZKVNW,0.8608,0.1392,Not Churned
240,6119-SPUDB,0.9844,0.0156,Not Churned
241,0699-NDKJM,0.8055,0.1945,Not Churned
242,0867-LDTTC,0.7519,0.2481,Not Churned
243,7080-TNUWP,0.8404,0.1596,Not Churned
244,8922-NPKBJ,0.9945,0.0055,Not Churned
245,3945-GFWQL,0.7501,0.2499,Not Churned
246,4083-EUGRJ,0.9127,0.0873,Not Churned
247,8513-OLYGY,0.9521,0.0479,Not Churned
248,5146-YYFRZ,0.9899,0.0101,Not Churned
249,2907-ILJBN,0.968,0.032,Not Churned
250,1597-FZREH,0.6821,0.3179,Not Churned
251,7812-FZHPE,0.935,0.065,Not Churned
252,6919-ELBGL,0.9601,0.0399,Not Churned
253,7312-XSBAT,0.5718,0.4282,Not Churned
254,1891-QRQSA,0.8899,0.1101,Not Churned
255,5155-AZQPB,0.853,0.147,Not Churned
256,9039-RBEEE,0.8551,0.1449,Not Churned
257,8413-VONUO,0.344,0.656,Churned
258,6402-SSEJG,0.8857,0.1143,Not Churned
259,6322-PJJDJ,0.7906,0.2094,Not Churned
260,7966-YOTQW,0.8133,0.1867,Not Churned
261,1088-CNNKB,0.9052,0.0948,Not Churned
262,3831-YCPUO,0.9626,0.0374,Not Churned
263,2672-TGEFF,0.5128,0.4872,Not Churned
264,0354-WYROK,0.5841,0.4159,Not Churned
265,1684-FLBGS,0.8587,0.1413,Not Churned
266,7654-YWJUF,0.874,0.126,Not Churned
267,1814-DKOLC,0.833,0.167,Not Churned
268,2777-PHDEI,0.2113,0.7887,Churned
269,0017-IUDMW,0.9489,0.0511,Not Churned
270,3521-MNKLV,0.8048,0.1952,Not Churned
271,9501-UKKNL,0.8123,0.1877,Not Churned
272,1760-CAZHT,0.949,0.051,Not Churned
273,9507-EXLTT,0.2159,0.7841,Churned
274,0733-VUNUW,0.8661,0.1339,Not Churned
275,3063-QFSZL,0.4277,0.5723,Churned
276,4940-KHCWD,0.9705,0.0295,Not Churned
277,3481-JHUZH,0.4984,0.5016,Churned
278,8262-COGGB,0.7086,0.2914,Not Churned
279,6479-VDGRK,0.988,0.012,Not Churned
280,0208-BPQEJ,0.8619,0.1381,Not Churned
281,3413-CSSTH,0.818,0.182,Not Churned
282,0823-HSCDJ,0.7595,0.2405,Not Churned
283,3758-CKOQL,0.8231,0.1769,Not Churned
284,2038-OEQZH,0.3311,0.6689,Churned
285,5136-RGMZO,0.8234,0.1766,Not Churned
286,9279-CJEOJ,0.4966,0.5034,Churned
287,0259-GBZSH,0.2122,0.7878,Churned
288,0519-XUZJU,0.2969,0.7031,Churned
289,4302-ZYFEL,0.9896,0.0104,Not Churned
290,5103-MHMHY,0.4453,0.5547,Churned
291,7244-QWYHG,0.9511,0.0489,Not Churned
292,2073-QBVBI,0.9225,0.0775,Not Churned
293,2732-ISEZX,0.8785,0.1215,Not Churned
294,4501-VCPFK,0.786,0.214,Not Churned
295,7550-WIQVA,0.7836,0.2164,Not Churned
296,6347-DCUIK,0.4245,0.5755,Churned
297,5035-BVCXS,0.4494,0.5506,Churned
298,1346-PJWTK,0.7555,0.2445,Not Churned
299,3771-PZOBW,0.5409,0.4591,Not Churned
300,6972-SNKKW,0.8861,0.1139,Not Churned
301,3458-IDMFK,0.9932,0.0068,Not Churned
302,4280-DLSHD,0.7637,0.2363,Not Churned
303,6013-BHCAW,0.9626,0.0374,Not Churned
304,2606-PKWJB,0.9481,0.0519,Not Churned
305,3070-BDOQC,0.8407,0.1593,Not Churned
306,4282-YMKNA,0.3469,0.6531,Churned
307,3658-QQJYD,0.8734,0.1266,Not Churned
308,2379-ENZGV,0.3402,0.6598,Churned
309,5835-BEQEU,0.2407,0.7593,Churned
310,1624-NALOJ,0.2877,0.7123,Churned
311,8963-MQVYN,0.952,0.048,Not Churned
312,4359-INNWN,0.9741,0.0259,Not Churned
313,8808-ELEHO,0.3135,0.6865,Churned
314,1360-XFJMR,0.8242,0.1758,Not Churned
315,0734-OXWBT,0.688,0.312,Not Churned
316,8706-HRADD,0.8487,0.1513,Not Churned
317,7207-RMRDB,0.5808,0.4192,Not Churned
318,6647-ZEDXT,0.7643,0.2357,Not Churned
319,8384-FZBJK,0.5761,0.4239,Not Churned
320,4510-PYUSH,0.8528,0.1472,Not Churned
321,5197-LQXXH,0.9715,0.0285,Not Churned
322,2592-YKDIF,0.723,0.277,Not Churned
323,7469-LKBCI,0.9767,0.0233,Not Churned
324,5630-IXDXV,0.5087,0.4913,Not Churned
325,6728-CZFEI,0.8632,0.1368,Not Churned
326,3551-HUAZH,0.1395,0.8605,Churned
327,3655-SNQYZ,0.9434,0.0566,Not Churned
328,3106-ULWFW,0.3493,0.6507,Churned
329,1177-XZBJL,0.9298,0.0702,Not Churned
330,7295-JOMMD,0.3948,0.6052,Churned
331,5846-NEQVZ,0.9778,0.0222,Not Churned
332,0931-MHTEM,0.7858,0.2142,Not Churned
333,0617-AQNWT,0.9587,0.0413,Not Churned
334,7794-JASDG,0.5559,0.4441,Not Churned
335,8782-LKFPK,0.5443,0.4557,Not Churned
336,7945-HLKEA,0.9327,0.0673,Not Churned
337,9117-SHLZX,0.4112,0.5888,Churned
338,7139-JZFVG,0.9748,0.0252,Not Churned
339,8652-YHIYU,0.781,0.219,Not Churned
340,9919-FZDED,0.95,0.05,Not Churned
341,9462-MJUAW,0.5741,0.4259,Not Churned
342,4030-VPZBD,0.497,0.503,Churned
343,3878-AVSOQ,0.1558,0.8442,Churned
344,6581-NQCBA,0.7452,0.2548,Not Churned
345,9845-PEEKO,0.8966,0.1034,Not Churned
346,8597-CTXVJ,0.9326,0.0674,Not Churned
347,4482-EWFMI,0.2645,0.7355,Churned
348,5597-GLBUC,0.1912,0.8088,Churned
349,1925-TIBLE,0.3104,0.6896,Churned
350,4622-YNKIJ,0.8108,0.1892,Not Churned
351,9618-LFJRU,0.8667,0.1333,Not Churned
352,2454-RPBRZ,0.3243,0.6757,Churned
353,5887-IKKYO,0.8668,0.1332,Not Churned
354,8999-EXMNO,0.9939,0.0061,Not Churned
355,3654-ARMGP,0.963,0.037,Not Churned
356,7471-MQPOS,0.9027,0.0973,Not Churned
357,8597-CWYHH,0.7621,0.2379,Not Churned
358,2969-VAPYH,0.9265,0.0735,Not Churned
359,6275-YDUVO,0.3417,0.6583,Churned
360,9688-YGXVR,0.6127,0.3873,Not Churned
361,2479-BRAMR,0.6826,0.3174,Not Churned
362,0925-VYDLG,0.3003,0.6997,Churned
363,6807-SIWJI,0.7502,0.2498,Not Churned
364,4824-GUCBY,0.5913,0.4087,Not Churned
365,0673-IGUQO,0.7197,0.2803,Not Churned
366,8091-TTVAX,0.7898,0.2102,Not Churned
367,3546-GHEAE,0.9757,0.0243,Not Churned
368,4776-XSKYQ,0.8857,0.1143,Not Churned
369,3001-UNBTL,0.4496,0.5504,Churned
370,2810-FTLEM,0.8251,0.1749,Not Churned
371,8309-IEYJD,0.2192,0.7808,Churned
372,3913-RDSJZ,0.9933,0.0067,Not Churned
373,7601-GNDYK,0.9938,0.0062,Not Churned
374,6969-MVBAI,0.3116,0.6884,Churned
375,2257-BOVXD,0.744,0.256,Not Churned
376,7740-BTPUX,0.8247,0.1753,Not Churned
377,9065-ZCPQX,0.9897,0.0103,Not Churned
378,7593-JNWRU,0.6725,0.3275,Not Churned
379,3308-MHOOC,0.7042,0.2958,Not Churned
380,2205-LPVGL,0.8934,0.1066,Not Churned
381,5844-QVTAT,0.9432,0.0568,Not Churned
382,7401-RUBNK,0.5654,0.4346,Not Churned
383,2275-RBYQS,0.4084,0.5916,Churned
384,6265-FRMTQ,0.9838,0.0162,Not Churned
385,0212-ISBBF,0.757,0.243,Not Churned
386,4315-MURBD,0.4378,0.5622,Churned
387,5089-IFSDP,0.881,0.119,Not Churned
388,3419-SNJJD,0.7181,0.2819,Not Churned
389,9058-CBREO,0.3943,0.6057,Churned
390,4906-ZHGPK,0.8978,0.1022,Not Churned
391,7162-WPHPM,0.9722,0.0278,Not Churned
392,2703-AMTUL,0.9504,0.0496,Not Churned
393,9140-CZQZZ,0.9482,0.0518,Not Churned
394,7049-GKVZY,0.8646,0.1354,Not Churned
395,7951-VRDVK,0.8894,0.1106,Not Churned
396,9436-ZBZCT,0.4463,0.5537,Churned
397,3794-NFNCH,0.8137,0.1863,Not Churned
398,5997-OPVFA,0.9901,0.0099,Not Churned
399,3092-IGHWF,0.8373,0.1627,Not Churned
400,5954-BDFSG,0.8926,0.1074,Not Churned
401,6217-KDYWC,0.9894,0.0106,Not Churned
402,3739-YBWAB,0.937,0.063,Not Churned
403,7558-IMLMT,0.9957,0.0043,Not Churned
404,3378-AJRAO,0.9591,0.0409,Not Churned
405,4255-DDUOU,0.7293,0.2707,Not Churned
406,7660-HDPJV,0.2078,0.7922,Churned
407,2889-FPWRM,0.8348,0.1652,Not Churned
408,6400-BWQKW,0.5415,0.4585,Not Churned
409,7508-SMHXL,0.4079,0.5921,Churned
410,3572-UUHRS,0.9683,0.0317,Not Churned
411,3956-CJUST,0.6111,0.3889,Not Churned
412,3043-SUDUA,0.9114,0.0886,Not Churned
413,4080-OGPJL,0.7684,0.2316,Not Churned
414,5397-TUPSH,0.8477,0.1523,Not Churned
415,1707-HABPF,0.844,0.156,Not Churned
416,9530-GRMJG,0.9549,0.0451,Not Churned
417,4191-XOVOM,0.6639,0.3361,Not Churned
418,3992-YWPKO,0.4157,0.5843,Churned
419,0420-TXVSG,0.9754,0.0246,Not Churned
420,6968-URWQU,0.9075,0.0925,Not Churned
421,6959-GQEGV,0.7812,0.2188,Not Churned
422,7188-CBBBA,0.7775,0.2225,Not Churned
423,3509-GWQGF,0.582,0.418,Not Churned
424,7598-UAASY,0.3223,0.6777,Churned
425,9424-CMPOG,0.9762,0.0238,Not Churned
426,5590-ZSKRV,0.859,0.141,Not Churned
427,4390-KYULV,0.8697,0.1303,Not Churned
428,9231-ZJYAM,0.2796,0.7204,Churned
429,7115-IRDHS,0.9939,0.0061,Not Churned
430,7552-KEYGT,0.98,0.02,Not Churned
431,3590-TCXTB,0.723,0.277,Not Churned
432,4710-NKCAW,0.7643,0.2357,Not Churned
433,8024-XNAFQ,0.8982,0.1018,Not Churned
434,3354-OADJP,0.8991,0.1009,Not Churned
435,9755-JHNMN,0.9756,0.0244,Not Churned
436,3071-VBYPO,0.5287,0.4713,Not Churned
437,1060-ENTOF,0.8316,0.1684,Not Churned
438,7167-PCEYD,0.9956,0.0044,Not Churned
439,5778-BVOFB,0.7507,0.2493,Not Churned
440,4418-LZMSV,0.8459,0.1541,Not Churned
441,5387-ASZNZ,0.9003,0.0997,Not Churned
442,3803-KMQFW,0.7389,0.2611,Not Churned
443,1658-TJVOA,0.4885,0.5115,Churned
444,9548-LERKT,0.9916,0.0084,Not Churned
445,2817-LVCPP,0.9928,0.0072,Not Churned
446,4257-GAESD,0.5976,0.4024,Not Churned
447,0696-UKTOX,0.8442,0.1558,Not Churned
448,9391-TTOYH,0.9262,0.0738,Not Churned
449,1112-CUNAO,0.3704,0.6296,Churned
450,9108-EJFJP,0.5883,0.4117,Not Churned
451,4998-IKFSE,0.4827,0.5173,Churned
452,6350-XFYGW,0.2973,0.7027,Churned
453,8197-BFWVU,0.9762,0.0238,Not Churned
454,7028-DVOIQ,0.4732,0.5268,Churned
455,5522-NYKPB,0.5863,0.4137,Not Churned
456,6479-OAUSD,0.9807,0.0193,Not Churned
457,0979-PHULV,0.6086,0.3914,Not Churned
458,8734-DKSTZ,0.3865,0.6135,Churned
459,0847-HGRML,0.9847,0.0153,Not Churned
460,3716-LRGXK,0.8927,0.1073,Not Churned
461,1897-OKVMW,0.9777,0.0223,Not Churned
462,2968-SSGAA,0.3218,0.6782,Churned
463,4002-BQWPQ,0.8657,0.1343,Not Churned
464,3317-VLGQT,0.3672,0.6328,Churned
465,1853-UDXBW,0.2084,0.7916,Churned
466,0608-JDVEC,0.9819,0.0181,Not Churned
467,5364-XYIRR,0.4907,0.5093,Churned
468,3810-PJUHR,0.9949,0.0051,Not Churned
469,8190-ZTQFB,0.835,0.165,Not Churned
470,7753-USQYQ,0.8744,0.1256,Not Churned
471,2722-JMONI,0.5228,0.4772,Not Churned
472,6961-MJKBO,0.9877,0.0123,Not Churned
473,7799-LGRDP,0.9745,0.0255,Not Churned
474,6029-CSMJE,0.7356,0.2644,Not Churned
475,8805-JNRAZ,0.4865,0.5135,Churned
476,1265-ZFOSD,0.9773,0.0227,Not Churned
477,0541-FITGH,0.5941,0.4059,Not Churned
478,8404-VIOMB,0.9862,0.0138,Not Churned
479,4329-YPDDQ,0.6811,0.3189,Not Churned
480,0623-IIHUG,0.7746,0.2254,Not Churned
481,3865-QBWSJ,0.6666,0.3334,Not Churned
482,6344-SFJVH,0.7704,0.2296,Not Churned
483,7554-AKDQF,0.6715,0.3285,Not Churned
484,6906-ANDWJ,0.4183,0.5817,Churned
485,3717-LNXKW,0.645,0.355,Not Churned
486,8263-QMNTJ,0.9449,0.0551,Not Churned
487,6458-CYIDZ,0.5285,0.4715,Not Churned
488,5057-RKGLH,0.9847,0.0153,Not Churned
489,5115-SQAAU,0.9942,0.0058,Not Churned
490,5622-UEJFI,0.9814,0.0186,Not Churned
491,5329-KRDTM,0.9427,0.0573,Not Churned
492,6461-PPAXN,0.951,0.049,Not Churned
493,4452-QIIEB,0.6563,0.3437,Not Churned
494,6818-WOBHJ,0.6521,0.3479,Not Churned
495,7779-ORAEL,0.9512,0.0488,Not Churned
496,6169-PPETC,0.99,0.01,Not Churned
497,2848-YXSMW,0.9956,0.0044,Not Churned
498,6061-GWWAV,0.9273,0.0727,Not Churned
499,0218-QNVAS,0.8074,0.1926,Not Churned
500,8608-OZTLB,0.9046,0.0954,Not Churned
501,8728-SKJLR,0.5605,0.4395,Not Churned
502,8901-UPRHR,0.8509,0.1491,Not Churned
503,0013-SMEOE,0.9477,0.0523,Not Churned
504,6519-CFDBX,0.3898,0.6102,Churned
505,4488-PSYCG,0.914,0.086,Not Churned
506,6849-OYAMU,0.7494,0.2506,Not Churned
507,3932-IJWDZ,0.5873,0.4127,Not Churned
508,5135-RDDQL,0.9572,0.0428,Not Churned
509,1169-WCVAK,0.7296,0.2704,Not Churned
510,0742-MOABM,0.6186,0.3814,Not Churned
511,4698-KVLLG,0.9907,0.0093,Not Churned
512,1661-CZBAU,0.9029,0.0971,Not Churned
513,8644-XYTSV,0.8287,0.1713,Not Churned
514,3714-NTNFO,0.4626,0.5374,Churned
515,0953-LGOVU,0.8036,0.1964,Not Churned
516,0464-WJTKO,0.9935,0.0065,Not Churned
517,8593-WHYHV,0.2324,0.7676,Churned
518,7989-CHGTL,0.6621,0.3379,Not Churned
519,7998-ZLXWN,0.939,0.061,Not Churned
520,4957-TREIR,0.6756,0.3244,Not Churned
521,7501-VTYLJ,0.4878,0.5122,Churned
522,0447-BEMNG,0.8403,0.1597,Not Churned
523,0637-YLETY,0.4944,0.5056,Churned
524,2476-YGEFM,0.5337,0.4663,Not Churned
525,5949-HGVJL,0.8306,0.1694,Not Churned
526,5939-XAIXZ,0.7986,0.2014,Not Churned
527,9847-HNVGP,0.9824,0.0176,Not Churned
528,4576-CSAJH,0.9075,0.0925,Not Churned
529,4747-LCAQL,0.8797,0.1203,Not Churned
530,7595-EHCDL,0.773,0.227,Not Churned
531,4003-OCTMP,0.9273,0.0727,Not Churned
532,7617-EYGLW,0.6467,0.3533,Not Churned
533,6447-EGDIV,0.9882,0.0118,Not Churned
534,2796-NNUFI,0.9949,0.0051,Not Churned
535,6362-QHAFM,0.6486,0.3514,Not Churned
536,6838-HVLXG,0.9241,0.0759,Not Churned
537,8205-VSLRB,0.9761,0.0239,Not Churned
538,2276-YDAVZ,0.3175,0.6825,Churned
539,1839-FBNFR,0.9915,0.0085,Not Churned
540,9386-LDCZR,0.897,0.103,Not Churned
541,3512-IZIKN,0.9854,0.0146,Not Churned
542,9675-ICXCT,0.9618,0.0382,Not Churned
543,3003-CMDUU,0.5734,0.4266,Not Churned
544,6469-QJKZW,0.858,0.142,Not Churned
545,3387-VATUS,0.2903,0.7097,Churned
546,5628-FCGYG,0.4526,0.5474,Churned
547,5244-IRFIH,0.4724,0.5276,Churned
548,9092-GDZKO,0.9191,0.0809,Not Churned
549,6410-LEFEN,0.6692,0.3308,Not Churned
550,8606-CIQUL,0.9541,0.0459,Not Churned
551,4742-DRORA,0.8661,0.1339,Not Churned
552,7190-XHTWJ,0.9871,0.0129,Not Churned
553,9739-JLPQJ,0.9483,0.0517,Not Churned
554,6745-JEFZB,0.5951,0.4049,Not Churned
555,5939-SXWHM,0.9849,0.0151,Not Churned
556,0602-DDUML,0.9692,0.0308,Not Churned
557,3132-TVFDZ,0.7478,0.2522,Not Churned
558,9734-YWGEX,0.3931,0.6069,Churned
559,5951-AOFIH,0.8245,0.1755,Not Churned
560,0030-FNXPP,0.8335,0.1665,Not Churned
561,9229-RQABD,0.9637,0.0363,Not Churned
562,0394-YONDK,0.987,0.013,Not Churned
563,6513-EECDB,0.1488,0.8512,Churned
564,3295-YVUSR,0.2779,0.7221,Churned
565,8450-UYIBU,0.7113,0.2887,Not Churned
566,9170-CCKOU,0.6407,0.3593,Not Churned
567,8260-NGFNY,0.5036,0.4964,Not Churned
568,8430-TWCBX,0.9886,0.0114,Not Churned
569,4902-OHLSK,0.5598,0.4402,Not Churned
570,5562-YJQGT,0.821,0.179,Not Churned
571,3156-QLHBO,0.8524,0.1476,Not Churned
572,5501-TVMGM,0.4254,0.5746,Churned
573,9668-PUGNU,0.9792,0.0208,Not Churned
574,4686-GEFRM,0.8843,0.1157,Not Churned
575,7690-KPNCU,0.9092,0.0908,Not Churned
576,6176-YJWAS,0.9709,0.0291,Not Churned
577,6685-XSHHU,0.9943,0.0057,Not Churned
578,9650-VBUOG,0.9884,0.0116,Not Churned
579,9391-DXGGG,0.8434,0.1566,Not Churned
580,5975-BAICR,0.9385,0.0615,Not Churned
581,8058-DMYRU,0.5698,0.4302,Not Churned
582,6015-VVHHE,0.3318,0.6682,Churned
583,4840-ORQXB,0.5631,0.4369,Not Churned
584,2252-NKNSI,0.9407,0.0593,Not Churned
585,5144-TVGLP,0.4953,0.5047,Churned
586,6475-VHUIZ,0.8333,0.1667,Not Churned
587,1270-XKUCC,0.9947,0.0053,Not Churned
588,8012-SOUDQ,0.5138,0.4862,Not Churned
589,6859-RKMZJ,0.7603,0.2397,Not Churned
590,9878-TNQGW,0.2677,0.7323,Churned
591,3312-ZWLGF,0.5048,0.4952,Not Churned
592,6235-VDHOM,0.549,0.451,Not Churned
593,0750-EBAIU,0.8649,0.1351,Not Churned
594,7663-YJHSN,0.9427,0.0573,Not Churned
595,9150-HEPMB,0.9513,0.0487,Not Churned
596,4039-HEUNW,0.5096,0.4904,Not Churned
597,3165-HDOEW,0.4407,0.5593,Churned
598,1469-LBJQJ,0.5644,0.4356,Not Churned
599,8519-QJGJD,0.4566,0.5434,Churned
600,5931-FLJJF,0.4414,0.5586,Churned
601,5730-RIITO,0.813,0.187,Not Churned
602,5473-KHBPS,0.8506,0.1494,Not Churned
603,1895-QTKDO,0.4773,0.5227,Churned
604,3387-PLKUI,0.8938,0.1062,Not Churned
605,5669-SRAIP,0.4922,0.5078,Churned
606,8158-WPEZG,0.74,0.26,Not Churned
607,0906-QVPMS,0.9528,0.0472,Not Churned
608,6683-VLCTZ,0.4462,0.5538,Churned
609,8084-OIVBS,0.9727,0.0273,Not Churned
610,8665-UTDHZ,0.5332,0.4668,Not Churned
611,5371-VYLSX,0.6417,0.3583,Not Churned
612,8167-GJLRN,0.5594,0.4406,Not Churned
613,6734-GMPVK,0.3348,0.6652,Churned
614,9227-YBAXE,0.9469,0.0531,Not Churned
615,5756-JYOJT,0.8682,0.1318,Not Churned
616,0057-QBUQH,0.9673,0.0327,Not Churned
617,7613-LLQFO,0.3389,0.6611,Churned
618,6100-FJZDG,0.9791,0.0209,Not Churned
619,3923-CSIHK,0.5117,0.4883,Not Churned
620,4587-NUKOX,0.5358,0.4642,Not Churned
621,3808-HFKDE,0.7722,0.2278,Not Churned
622,5696-CEIQJ,0.8934,0.1066,Not Churned
623,0757-WCUUZ,0.971,0.029,Not Churned
624,8550-XSXUQ,0.8901,0.1099,Not Churned
625,6956-SMUCM,0.46,0.54,Churned
626,4854-SSLTN,0.8457,0.1543,Not Churned
627,2223-GDSHL,0.9458,0.0542,Not Churned
628,8266-VBFQL,0.3949,0.6051,Churned
629,6797-LNAQX,0.8667,0.1333,Not Churned
630,4877-TSOFF,0.8976,0.1024,Not Churned
631,1125-SNVCK,0.7992,0.2008,Not Churned
632,9530-EHPOH,0.7393,0.2607,Not Churned
633,4817-VYYWS,0.4947,0.5053,Churned
634,7722-CVFXN,0.7569,0.2431,Not Churned
635,2667-WYLWJ,0.9653,0.0347,Not Churned
636,3727-RJMEO,0.301,0.699,Churned
637,0468-YRPXN,0.6442,0.3558,Not Churned
638,0193-ESZXP,0.7974,0.2026,Not Churned
639,2074-GKOWZ,0.297,0.703,Churned
640,0191-ZHSKZ,0.7898,0.2102,Not Churned
641,3703-KBKZP,0.4098,0.5902,Churned
642,3254-YRILK,0.4608,0.5392,Churned
643,9824-BEMCV,0.4549,0.5451,Churned
644,3724-UCSHY,0.8796,0.1204,Not Churned
645,2138-VFAPZ,0.9886,0.0114,Not Churned
646,5519-TEEUH,0.9851,0.0149,Not Churned
647,2115-BFTIW,0.598,0.402,Not Churned
648,2232-DMLXU,0.5064,0.4936,Not Churned
649,0578-SKVMF,0.5322,0.4678,Not Churned
650,1746-TGTWV,0.2918,0.7082,Churned
651,3398-ZOUAA,0.4748,0.5252,Churned
652,1965-DDBWU,0.5367,0.4633,Not Churned
653,0835-JKADZ,0.8483,0.1517,Not Churned
654,4312-GVYNH,0.9852,0.0148,Not Churned
655,7969-AULMZ,0.4588,0.5412,Churned
656,5673-FSSMF,0.4832,0.5168,Churned
657,0907-HQNTS,0.9298,0.0702,Not Churned
658,9774-NRNAU,0.8351,0.1649,Not Churned
659,2996-XAUVF,0.953,0.047,Not Churned
660,4821-WQOYN,0.9948,0.0052,Not Churned
661,4119-ZYPZY,0.8558,0.1442,Not Churned
662,7434-SHXLS,0.723,0.277,Not Churned
663,9643-AVVWI,0.3393,0.6607,Churned
664,3038-PQIUY,0.8732,0.1268,Not Churned
665,8637-XJIVR,0.5396,0.4604,Not Churned
666,6357-JJPQT,0.2621,0.7379,Churned
667,0247-SLUJI,0.6805,0.3195,Not Churned
668,1229-RCALF,0.8127,0.1873,Not Churned
669,1498-DQNRX,0.9304,0.0696,Not Churned
670,3841-NFECX,0.9374,0.0626,Not Churned
671,4719-UMSIY,0.8817,0.1183,Not Churned
672,7245-JMTTQ,0.721,0.279,Not Churned
673,4662-EKDPQ,0.5335,0.4665,Not Churned
674,9577-WJVCQ,0.8803,0.1197,Not Churned
675,1241-FPMOF,0.9953,0.0047,Not Churned
676,9631-XEYKE,0.5127,0.4873,Not Churned
677,5181-OABFK,0.9664,0.0336,Not Churned
678,8065-YKXKD,0.3502,0.6498,Churned
679,9392-XBGTD,0.9916,0.0084,Not Churned
680,3026-ATZYV,0.8725,0.1275,Not Churned
681,1755-RMCXH,0.883,0.117,Not Churned
682,3221-CJMSG,0.8467,0.1533,Not Churned
683,5062-CJJKH,0.912,0.088,Not Churned
684,7623-TRNQN,0.5464,0.4536,Not Churned
685,7815-PDTHL,0.995,0.005,Not Churned
686,3896-RCYYE,0.8168,0.1832,Not Churned
687,4847-TAJYI,0.3212,0.6788,Churned
688,5075-JSDKI,0.9768,0.0232,Not Churned
689,5018-GWURO,0.6055,0.3945,Not Churned
690,5649-ANRML,0.4078,0.5922,Churned
691,2439-QKJUL,0.8764,0.1236,Not Churned
692,1866-RZZQS,0.4835,0.5165,Churned
693,1448-CYWKC,0.7994,0.2006,Not Churned
694,6899-PPEEA,0.4729,0.5271,Churned
695,9134-WYRVP,0.8776,0.1224,Not Churned
696,7517-LDMPS,0.3719,0.6281,Churned
697,1357-BIJKI,0.7775,0.2225,Not Churned
698,5759-RCVCB,0.5206,0.4794,Not Churned
699,4176-RELJR,0.9816,0.0184,Not Churned
700,3566-CAAYU,0.9581,0.0419,Not Churned
701,1187-WILMM,0.9766,0.0234,Not Churned
702,9581-GVBXT,0.9403,0.0597,Not Churned
703,8668-KNZTI,0.9291,0.0709,Not Churned
704,7450-NWRTR,0.3226,0.6774,Churned
705,7602-DBTOU,0.9957,0.0043,Not Churned
706,3096-WPXBT,0.8465,0.1535,Not Churned
707,9637-EIHEQ,0.5303,0.4697,Not Churned
708,6141-OOXUQ,0.6688,0.3312,Not Churned
709,2498-XLDZR,0.9642,0.0358,Not Churned
710,0567-XRHCU,0.966,0.034,Not Churned
711,3858-VOBET,0.4718,0.5282,Churned
712,1563-IWQEX,0.9026,0.0974,Not Churned
713,8570-KLJYJ,0.9451,0.0549,Not Churned
714,6100-QQHEB,0.4054,0.5946,Churned
715,0082-LDZUE,0.4311,0.5689,Churned
716,7683-CBDKJ,0.8476,0.1524,Not Churned
717,7363-QTBIW,0.3431,0.6569,Churned
718,0206-TBWLC,0.8015,0.1985,Not Churned
719,6617-WLBQC,0.8624,0.1376,Not Churned
720,0224-RLWWD,0.3426,0.6574,Churned
721,4549-ZDQYY,0.9376,0.0624,Not Churned
722,4238-JSSWH,0.5145,0.4855,Not Churned
723,0021-IKXGC,0.1499,0.8501,Churned
724,3786-WOVKF,0.8095,0.1905,Not Churned
725,2725-TTRIQ,0.9849,0.0151,Not Churned
726,4531-AUZNK,0.8362,0.1638,Not Churned
727,8397-MVTAZ,0.4631,0.5369,Churned
728,2190-BCXEC,0.58,0.42,Not Churned
729,8461-EFQYM,0.9581,0.0419,Not Churned
730,0661-WCQNQ,0.9479,0.0521,Not Churned
731,4707-MAXGU,0.9888,0.0112,Not Churned
732,0485-ZBSLN,0.9901,0.0099,Not Churned
733,2146-EGVDT,0.9949,0.0051,Not Churned
734,5995-WWKKG,0.9653,0.0347,Not Churned
735,2987-BJXIK,0.9646,0.0354,Not Churned
736,6340-DACFT,0.9945,0.0055,Not Churned
737,2516-VQRRV,0.2571,0.7429,Churned
738,3934-HXCFZ,0.5266,0.4734,Not Churned
739,1839-UMACK,0.9307,0.0693,Not Churned
740,7929-DMBCV,0.6533,0.3467,Not Churned
741,2361-UPSND,0.9221,0.0779,Not Churned
742,8879-ZKJOF,0.9116,0.0884,Not Churned
743,2662-NNTDK,0.9644,0.0356,Not Churned
744,2821-WARNZ,0.9852,0.0148,Not Churned
745,2371-JQHZZ,0.454,0.546,Churned
746,5575-TPIZQ,0.6622,0.3378,Not Churned
747,8869-LIHMK,0.8797,0.1203,Not Churned
748,5802-ADBRC,0.8152,0.1848,Not Churned
749,7270-BDIOA,0.5454,0.4546,Not Churned
750,2675-IJRGJ,0.9749,0.0251,Not Churned
751,2045-BMBTJ,0.8015,0.1985,Not Churned
752,3863-QSTYI,0.8523,0.1477,Not Churned
753,3627-FCRDW,0.4409,0.5591,Churned
754,7795-CFOCW,0.9642,0.0358,Not Churned
755,9867-JCZSP,0.9869,0.0131,Not Churned
756,7580-UGXNC,0.5239,0.4761,Not Churned
757,7845-URHJN,0.8746,0.1254,Not Churned
758,1154-HYWWO,0.915,0.085,Not Churned
759,8544-JNBOX,0.9959,0.0041,Not Churned
760,0112-QWPNC,0.9206,0.0794,Not Churned
761,1031-IIDEO,0.206,0.794,Churned
762,7537-CBQUZ,0.7779,0.2221,Not Churned
763,5515-AKOAJ,0.6322,0.3678,Not Churned
764,3023-GFLBR,0.5379,0.4621,Not Churned
765,8086-OVPWV,0.2704,0.7296,Churned
766,7180-PISOG,0.1967,0.8033,Churned
767,4376-KFVRS,0.9628,0.0372,Not Churned
768,3120-FAZKD,0.988,0.012,Not Churned
769,6121-VZNQB,0.7021,0.2979,Not Churned
770,5144-PQCDZ,0.8447,0.1553,Not Churned
771,6563-VRERX,0.9903,0.0097,Not Churned
772,5766-ZJYBB,0.7057,0.2943,Not Churned
773,2691-NZETQ,0.3191,0.6809,Churned
774,8851-RAGOV,0.8995,0.1005,Not Churned
775,4480-MBMLB,0.7503,0.2497,Not Churned
776,7216-EWTRS,0.1628,0.8372,Churned
777,4670-TABXH,0.8972,0.1028,Not Churned
778,0709-TVGUR,0.3171,0.6829,Churned
779,0236-HFWSV,0.3493,0.6507,Churned
780,6653-CBBOM,0.2028,0.7972,Churned
781,7811-JIVPF,0.8115,0.1885,Not Churned
782,6838-YAUVY,0.8247,0.1753,Not Churned
783,6976-BWGLQ,0.9928,0.0072,Not Churned
784,1093-YSWCA,0.9706,0.0294,Not Churned
785,7693-LCKZL,0.306,0.694,Churned
786,3078-ZKNTS,0.9547,0.0453,Not Churned
787,9068-VPWQQ,0.9772,0.0228,Not Churned
788,9236-NDUCW,0.9766,0.0234,Not Churned
789,2226-ICFDO,0.9805,0.0195,Not Churned
790,8868-WOZGU,0.4733,0.5267,Churned
791,3716-BDVDB,0.2078,0.7922,Churned
792,6741-QRLUP,0.9793,0.0207,Not Churned
793,9909-DFRJA,0.8028,0.1972,Not Churned
794,9411-TPQQV,0.9281,0.0719,Not Churned
795,7114-AEOZE,0.9901,0.0099,Not Churned
796,9114-AAFQH,0.8863,0.1137,Not Churned
797,3642-BYHDO,0.9935,0.0065,Not Churned
798,5857-XRECV,0.8566,0.1434,Not Churned
799,3733-ZEECP,0.8299,0.1701,Not Churned
800,9805-FILKB,0.9859,0.0141,Not Churned
801,8985-OOPOS,0.7859,0.2141,Not Churned
802,5043-TRZWM,0.2391,0.7609,Churned
803,5639-NTUPK,0.8463,0.1537,Not Churned
804,0661-KBKPA,0.8949,0.1051,Not Churned
805,0585-EGDDA,0.5494,0.4506,Not Churned
806,2674-MIAHT,0.3243,0.6757,Churned
807,4821-SJHJV,0.5361,0.4639,Not Churned
808,9531-NSBMR,0.9752,0.0248,Not Churned
809,8410-BGQXN,0.8661,0.1339,Not Churned
810,2770-NSVDG,0.737,0.263,Not Churned
811,3785-KTYSH,0.9865,0.0135,Not Churned
812,1422-DGUBX,0.7659,0.2341,Not Churned
813,6250-CGGUN,0.886,0.114,Not Churned
814,2495-TTHBQ,0.9476,0.0524,Not Churned
815,9624-EGDEQ,0.9951,0.0049,Not Churned
816,7629-WFGLW,0.864,0.136,Not Churned
817,1337-BOZWO,0.8652,0.1348,Not Churned
818,4530-NDRKU,0.9762,0.0238,Not Churned
819,9860-LISIZ,0.9403,0.0597,Not Churned
820,3440-JPSCL,0.4243,0.5757,Churned
821,2675-DHUTR,0.5901,0.4099,Not Churned
822,8008-HAWED,0.6429,0.3571,Not Churned
823,1766-GKNMI,0.4491,0.5509,Churned
824,9638-JIQYA,0.4642,0.5358,Churned
825,4282-ACRXS,0.7215,0.2785,Not Churned
826,4065-JJAVA,0.4842,0.5158,Churned
827,7253-UVNDW,0.9726,0.0274,Not Churned
828,9863-JZAIC,0.8274,0.1726,Not Churned
829,1565-RHDJD,0.3323,0.6677,Churned
830,4890-VMUAV,0.9266,0.0734,Not Churned
831,7952-OBOYL,0.3681,0.6319,Churned
832,3536-IQCTX,0.4832,0.5168,Churned
833,2642-MAWLJ,0.9888,0.0112,Not Churned
834,4139-SUGLD,0.8708,0.1292,Not Churned
835,8799-OXZMD,0.7605,0.2395,Not Churned
836,5140-FOMCQ,0.8102,0.1898,Not Churned
837,5968-XQIVE,0.8123,0.1877,Not Churned
838,3724-BSCVH,0.9754,0.0246,Not Churned
839,9089-UOWJG,0.7825,0.2175,Not Churned
840,4423-YLHDV,0.6037,0.3963,Not Churned
841,9586-JGQKH,0.8884,0.1116,Not Churned
842,5160-UXJED,0.8973,0.1027,Not Churned
843,1010-DIAUQ,0.3807,0.6193,Churned
844,4716-HHKQH,0.5614,0.4386,Not Churned
845,7421-ZLUPA,0.6355,0.3645,Not Churned
846,9137-NOQKA,0.7271,0.2729,Not Churned
847,4057-FKCZK,0.8822,0.1178,Not Churned
848,6719-OXYBR,0.4286,0.5714,Churned
849,9418-RUKPH,0.9949,0.0051,Not Churned
850,1508-DFXCU,0.3682,0.6318,Churned
851,9360-AHGNL,0.7508,0.2492,Not Churned
852,5590-BYNII,0.4499,0.5501,Churned
853,9953-ZMKSM,0.99,0.01,Not Churned
854,8107-RZLNV,0.8105,0.1895,Not Churned
855,0581-BXBUB,0.3691,0.6309,Churned
856,4903-UYAVB,0.8682,0.1318,Not Churned
857,3537-HPKQT,0.6057,0.3943,Not Churned
858,1396-QWFBJ,0.5717,0.4283,Not Churned
859,0743-HRVFF,0.8707,0.1293,Not Churned
860,5906-DVAPM,0.9102,0.0898,Not Churned
861,6376-GAHQE,0.3197,0.6803,Churned
862,2867-UIMSS,0.2356,0.7644,Churned
863,0106-UGRDO,0.9328,0.0672,Not Churned
864,4282-MSACW,0.82,0.18,Not Churned
865,0942-KOWSM,0.9512,0.0488,Not Churned
866,4690-LLKUA,0.7167,0.2833,Not Churned
867,6689-TCZHQ,0.3454,0.6546,Churned
868,9158-VCTQB,0.7225,0.2775,Not Churned
869,7217-JYHOQ,0.8955,0.1045,Not Churned
870,4822-RVYBB,0.2916,0.7084,Churned
871,8466-PZBLH,0.9069,0.0931,Not Churned
872,3154-HMWUU,0.9951,0.0049,Not Churned
873,6857-TKDJV,0.9934,0.0066,Not Churned
874,6298-QDFNH,0.4679,0.5321,Churned
875,5219-YIPTK,0.4931,0.5069,Churned
876,6749-UTDVX,0.8226,0.1774,Not Churned
877,5338-YHWYT,0.9578,0.0422,Not Churned
878,0318-QUUOB,0.191,0.809,Churned
879,0895-DQHEW,0.5386,0.4614,Not Churned
880,2097-YVPKN,0.9911,0.0089,Not Churned
881,7868-BGSZA,0.8957,0.1043,Not Churned
882,5726-CVNYA,0.9778,0.0222,Not Churned
883,2402-TAIRZ,0.8529,0.1471,Not Churned
884,2452-MRMZF,0.9838,0.0162,Not Churned
885,4317-VTEOA,0.457,0.543,Churned
886,9221-OTIVJ,0.3845,0.6155,Churned
887,9372-TXXPS,0.9597,0.0403,Not Churned
888,5569-IDSEY,0.7838,0.2162,Not Churned
889,8327-WKMIE,0.9843,0.0157,Not Churned
890,0980-PVMRC,0.7945,0.2055,Not Churned
891,7548-SEPYI,0.3345,0.6655,Churned
892,3460-TJBWI,0.989,0.011,Not Churned
893,8559-CIZFV,0.9261,0.0739,Not Churned
894,2937-FTHUR,0.8403,0.1597,Not Churned
895,8104-OSKWT,0.5341,0.4659,Not Churned
896,5624-BQSSA,0.7216,0.2784,Not Churned
897,1080-BWSYE,0.9851,0.0149,Not Churned
898,7647-GYYKX,0.9898,0.0102,Not Churned
899,2360-RDGRO,0.6392,0.3608,Not Churned
900,7672-VFMXZ,0.8497,0.1503,Not Churned
901,7074-IEVOJ,0.2648,0.7352,Churned
902,9399-APLBT,0.2793,0.7207,Churned
903,0970-ETWGE,0.203,0.797,Churned
904,5697-GOMBF,0.7383,0.2617,Not Churned
905,7326-RIGQZ,0.3825,0.6175,Churned
906,0870-VEMYL,0.6931,0.3069,Not Churned
907,1614-JBEBI,0.8984,0.1016,Not Churned
908,3892-NXAZG,0.9628,0.0372,Not Churned
909,0851-DFJKB,0.8048,0.1952,Not Churned
910,7622-FWGEW,0.9576,0.0424,Not Churned
911,1679-JRFBR,0.8391,0.1609,Not Churned
912,2984-TBYKU,0.9358,0.0642,Not Churned
913,8174-TBVCF,0.97,0.03,Not Churned
914,6686-YPGHK,0.6729,0.3271,Not Churned
915,2832-SCUCO,0.7721,0.2279,Not Churned
916,8938-UMKPI,0.5293,0.4707,Not Churned
917,3976-NLDEZ,0.7187,0.2813,Not Churned
918,6924-TDGMT,0.9712,0.0288,Not Churned
919,3589-PPVKW,0.6727,0.3273,Not Churned
920,1075-BGWOH,0.4219,0.5781,Churned
921,9819-FBNSV,0.5599,0.4401,Not Churned
922,7137-NAXML,0.9695,0.0305,Not Churned
923,4024-CSNBY,0.9333,0.0667,Not Churned
924,3926-YZVVX,0.927,0.073,Not Churned
925,3961-SXAXY,0.4338,0.5662,Churned
926,4676-MQUEA,0.849,0.151,Not Churned
927,6435-SRWBJ,0.35,0.65,Churned
928,1237-WIYYZ,0.9204,0.0796,Not Churned
929,5433-KYGHE,0.621,0.379,Not Churned
930,0135-NMXAP,0.3777,0.6223,Churned
931,4931-TRZWN,0.7344,0.2656,Not Churned
932,0248-PGHBZ,0.9009,0.0991,Not Churned
933,3487-EARAT,0.905,0.095,Not Churned
934,8780-IXSTS,0.3247,0.6753,Churned
935,4881-GQJTW,0.9267,0.0733,Not Churned
936,3249-ZPQRG,0.3431,0.6569,Churned
937,8718-PTMEZ,0.7025,0.2975,Not Churned
938,4659-NZRUF,0.5221,0.4779,Not Churned
939,4526-EXKKN,0.9884,0.0116,Not Churned
940,8981-FJGLA,0.4535,0.5465,Churned
941,5730-DBDSI,0.9842,0.0158,Not Churned
942,9820-RMCQV,0.8175,0.1825,Not Churned
943,5016-IBERQ,0.5018,0.4982,Not Churned
944,6946-LMSQS,0.7636,0.2364,Not Churned
945,7416-CKTEP,0.9867,0.0133,Not Churned
946,1725-MIMXW,0.6817,0.3183,Not Churned
947,4106-HADHQ,0.9073,0.0927,Not Churned
948,5071-FBJFS,0.5968,0.4032,Not Churned
949,7394-FKDNK,0.3964,0.6036,Churned
950,8573-CGOCC,0.9336,0.0664,Not Churned
951,7673-BQGKU,0.9935,0.0065,Not Churned
952,9073-ZZIAY,0.9709,0.0291,Not Churned
953,1506-YJTYT,0.9567,0.0433,Not Churned
954,7321-PKUYW,0.4751,0.5249,Churned
955,1977-STDKI,0.2475,0.7525,Churned
956,0191-EQUUH,0.9714,0.0286,Not Churned
957,0595-ITUDF,0.7675,0.2325,Not Churned
958,9548-LIGTA,0.9503,0.0497,Not Churned
959,2900-PHPLN,0.9909,0.0091,Not Churned
960,1090-ESELR,0.9197,0.0803,Not Churned
961,5537-UXXVS,0.8932,0.1068,Not Churned
962,3148-BLQJT,0.6767,0.3233,Not Churned
963,8972-HJWNV,0.2713,0.7287,Churned
964,3503-TYDAY,0.5278,0.4722,Not Churned
965,2300-RQGOI,0.9955,0.0045,Not Churned
966,3750-YHRYO,0.9678,0.0322,Not Churned
967,2004-OCQXK,0.2109,0.7891,Churned
968,7159-NOKYQ,0.8561,0.1439,Not Churned
969,1379-FRVEB,0.3599,0.6401,Churned
970,2982-IHMFT,0.1801,0.8199,Churned
971,9541-PWTWO,0.9574,0.0426,Not Churned
972,4378-BZYFP,0.9844,0.0156,Not Churned
973,6668-CNMFP,0.7984,0.2016,Not Churned
974,8388-DMKAE,0.9836,0.0164,Not Churned
975,4709-LKHYG,0.9784,0.0216,Not Churned
976,4495-LHSSK,0.8833,0.1167,Not Churned
977,9637-CDTKZ,0.9609,0.0391,Not Churned
978,8108-UXRQN,0.7549,0.2451,Not Churned
979,1492-KGETH,0.9057,0.0943,Not Churned
980,3617-XLSGQ,0.9157,0.0843,Not Churned
981,0559-CKHUS,0.9926,0.0074,Not Churned
982,2233-FAGXV,0.8467,0.1533,Not Churned
983,5366-OBVMR,0.8422,0.1578,Not Churned
984,0780-XNZFN,0.9896,0.0104,Not Churned
985,3796-ENZGF,0.9732,0.0268,Not Churned
986,1952-DVVSW,0.9698,0.0302,Not Churned
987,5919-TMRGD,0.1922,0.8078,Churned
988,3452-ABWRL,0.5121,0.4879,Not Churned
989,6522-YRBXD,0.6073,0.3927,Not Churned
990,2346-LOCWC,0.9955,0.0045,Not Churned
991,3244-CQPHU,0.8986,0.1014,Not Churned
992,6741-EGCBI,0.6328,0.3672,Not Churned
993,3640-JQGJG,0.7951,0.2049,Not Churned
994,4973-RLZVI,0.9202,0.0798,Not Churned
995,3744-ZBHON,0.7966,0.2034,Not Churned
996,4316-XCSLJ,0.8616,0.1384,Not Churned
997,1568-BEKZM,0.9534,0.0466,Not Churned
998,9208-OLGAQ,0.4333,0.5667,Churned
999,7633-MVPUY,0.9438,0.0562,Not Churned
1000,5917-RYRMG,0.9786,0.0214,Not Churned
1001,4419-UJMUS,0.9012,0.0988,Not Churned
1002,2239-CFOUJ,0.8391,0.1609,Not Churned
1003,1635-HDGFT,0.9886,0.0114,Not Churned
1004,1485-YDHMM,0.6737,0.3263,Not Churned
1005,7817-BOQPW,0.2403,0.7597,Churned
1006,8780-IHCRN,0.9929,0.0071,Not Churned
1007,9389-ACWBI,0.4595,0.5405,Churned
1008,1346-UFHAX,0.5981,0.4019,Not Churned
1009,1215-EXRMO,0.996,0.004,Not Churned
1010,4959-JOSRX,0.4576,0.5424,Churned
1011,0376-OIWME,0.5336,0.4664,Not Churned
1012,4277-UDIEF,0.8634,0.1366,Not Churned
1013,2668-TZSPS,0.7197,0.2803,Not Churned
1014,3898-BSJYF,0.8872,0.1128,Not Churned
1015,8752-GHJFU,0.8588,0.1412,Not Churned
1016,3407-QGWLG,0.8474,0.1526,Not Churned
1017,1602-IJQQE,0.3144,0.6856,Churned
1018,8614-VGMMV,0.7417,0.2583,Not Churned
1019,0048-PIHNL,0.9834,0.0166,Not Churned
1020,1866-NXPSP,0.8842,0.1158,Not Churned
1021,8677-HDZEE,0.6804,0.3196,Not Churned
1022,5076-YVXCM,0.5503,0.4497,Not Churned
1023,8229-TNIQA,0.5425,0.4575,Not Churned
1024,2599-CIPQE,0.9583,0.0417,Not Churned
1025,4957-SREEC,0.9961,0.0039,Not Churned
1026,6543-JXSOO,0.9498,0.0502,Not Churned
1027,4208-UFFGW,0.3941,0.6059,Churned
1028,4667-QONEA,0.9099,0.0901,Not Churned
1029,3791-LGQCY,0.5467,0.4533,Not Churned
1030,0128-MKWSG,0.8593,0.1407,Not Churned
1031,7078-NVFAM,0.8523,0.1477,Not Churned
1032,2378-VTKDH,0.5645,0.4355,Not Churned
1033,7407-SUJIZ,0.944,0.056,Not Churned
1034,3137-LUPIX,0.6568,0.3432,Not Churned
1035,8388-FYNPZ,0.6314,0.3686,Not Churned
1036,6769-DYBQN,0.6041,0.3959,Not Churned
1037,9800-OUIGR,0.9955,0.0045,Not Churned
1038,0388-EOPEX,0.4748,0.5252,Churned
1039,6557-BZXLQ,0.4564,0.5436,Churned
1040,6133-OZILE,0.7468,0.2532,Not Churned
1041,9565-AXSMR,0.9944,0.0056,Not Churned
1042,3104-OWCGK,0.833,0.167,Not Churned
1043,8672-OAUPW,0.9283,0.0717,Not Churned
1044,1045-LTCYT,0.8954,0.1046,Not Churned
1045,1897-RCFUM,0.9885,0.0115,Not Churned
1046,9505-SQFSW,0.531,0.469,Not Churned
1047,3410-MHHUM,0.8157,0.1843,Not Churned
1048,6910-HADCM,0.2331,0.7669,Churned
1049,0634-SZPQA,0.6277,0.3723,Not Churned
1050,0117-LFRMW,0.8578,0.1422,Not Churned
1051,3520-FJGCV,0.9628,0.0372,Not Churned
1052,6732-FZUGP,0.8834,0.1166,Not Churned
1053,7228-PAQPD,0.8578,0.1422,Not Churned
1054,0369-ZGOVK,0.8141,0.1859,Not Churned
1055,6195-MELTI,0.8995,0.1005,Not Churned
1056,8414-MYSHR,0.3019,0.6981,Churned
1057,5989-OMNJE,0.8656,0.1344,Not Churned
1058,6508-NJYRO,0.9737,0.0263,Not Churned
1059,9150-KPBJQ,0.9538,0.0462,Not Churned
1060,6439-LAJXL,0.8324,0.1676,Not Churned
1061,1934-SJVJK,0.6742,0.3258,Not Churned
1062,1930-WNXSB,0.6182,0.3818,Not Churned
1063,6323-AYBRX,0.9943,0.0057,Not Churned
1064,7746-AWNQW,0.8131,0.1869,Not Churned
1065,5125-CNDSP,0.9309,0.0691,Not Churned
1066,7563-BIUPC,0.3064,0.6936,Churned
1067,8630-QSGXK,0.9474,0.0526,Not Churned
1068,8563-IIOXK,0.8671,0.1329,Not Churned
1069,0409-WTMPL,0.8006,0.1994,Not Churned
1070,1849-RJYIG,0.771,0.229,Not Churned
1071,2057-ZBLPD,0.4513,0.5487,Churned
1072,2884-GBPFB,0.5132,0.4868,Not Churned
1073,2424-WVHPL,0.2729,0.7271,Churned
1074,4439-JMPMT,0.3634,0.6366,Churned
1075,2856-HYAPG,0.2537,0.7463,Churned
1076,4054-CUMIA,0.9428,0.0572,Not Churned
1077,1397-XKKWR,0.8606,0.1394,Not Churned
1078,3930-ZGWVE,0.664,0.336,Not Churned
1079,3258-SANFR,0.6063,0.3937,Not Churned
1080,5760-FXFVO,0.5396,0.4604,Not Churned
1081,8963-JLGJT,0.5788,0.4212,Not Churned
1082,5533-RJFTJ,0.7707,0.2293,Not Churned
1083,7621-VPNET,0.6365,0.3635,Not Churned
1084,8311-UEUAB,0.8951,0.1049,Not Churned
1085,5982-PSMKW,0.9614,0.0386,Not Churned
1086,7921-LMDFQ,0.7734,0.2266,Not Churned
1087,3097-NQYSN,0.2553,0.7447,Churned
1088,3640-PHQXK,0.4929,0.5071,Churned
1089,6527-PZFPV,0.9848,0.0152,Not Churned
1090,1925-GMVBW,0.8739,0.1261,Not Churned
1091,1084-UQCHV,0.258,0.742,Churned
1092,7328-OWMOM,0.9828,0.0172,Not Churned
1093,0930-EHUZA,0.9088,0.0912,Not Churned
1094,3511-BFTJW,0.9625,0.0375,Not Churned
1095,5424-RLQLC,0.7874,0.2126,Not Churned
1096,2181-TIDSV,0.9945,0.0055,Not Churned
1097,9314-IJWSQ,0.3471,0.6529,Churned
1098,3262-EIDHV,0.9775,0.0225,Not Churned
1099,1023-BQXZE,0.958,0.042,Not Churned
1100,3339-EAQNV,0.7969,0.2031,Not Churned
1101,0186-CAERR,0.8305,0.1695,Not Churned
1102,3239-TPHPZ,0.9743,0.0257,Not Churned
1103,3307-TLCUD,0.821,0.179,Not Churned
1104,0818-OCPZO,0.4789,0.5211,Churned
1105,8580-AECUZ,0.1494,0.8506,Churned
1106,8735-NBLWT,0.9218,0.0782,Not Churned
1107,4514-GFCFI,0.359,0.641,Churned
1108,6772-KSATR,0.4388,0.5612,Churned
1109,2474-LCNUE,0.8116,0.1884,Not Churned
1110,7860-KSUGX,0.9773,0.0227,Not Churned
1111,2739-CACDQ,0.4822,0.5178,Churned
1112,8735-SDUFN,0.9939,0.0061,Not Churned
1113,8679-JOEVF,0.7756,0.2244,Not Churned
1114,2845-KDHVX,0.9744,0.0256,Not Churned
1115,6519-ZHPXP,0.9324,0.0676,Not Churned
1116,4422-QVIJA,0.8436,0.1564,Not Churned
1117,6259-WJQLC,0.5603,0.4397,Not Churned
1118,1710-RCXUS,0.8068,0.1932,Not Churned
1119,5442-BXVND,0.9138,0.0862,Not Churned
1120,9732-EQMWY,0.5736,0.4264,Not Churned
1121,1047-NNCBF,0.5677,0.4323,Not Churned
1122,3413-BMNZE,0.3895,0.6105,Churned
1123,8670-ERCJH,0.9377,0.0623,Not Churned
1124,0556-FJEGU,0.9712,0.0288,Not Churned
1125,7721-JXEAW,0.8208,0.1792,Not Churned
1126,2259-OUUSZ,0.8077,0.1923,Not Churned
1127,1139-WUOAH,0.9605,0.0395,Not Churned
1128,8429-XIBUM,0.5469,0.4531,Not Churned
1129,7153-CHRBV,0.9438,0.0562,Not Churned
1130,7511-YMXVQ,0.5808,0.4192,Not Churned
1131,3981-QSVQI,0.8538,0.1462,Not Churned
1132,4853-RULSV,0.8837,0.1163,Not Churned
1133,4939-KYYPY,0.8291,0.1709,Not Churned
1134,2990-IAJSV,0.9811,0.0189,Not Churned
1135,3134-DSHVC,0.947,0.053,Not Churned
1136,9975-GPKZU,0.9915,0.0085,Not Churned
1137,9128-CPXKI,0.8263,0.1737,Not Churned
1138,5846-ABOBJ,0.9939,0.0061,Not Churned
1139,2898-LSJGD,0.8464,0.1536,Not Churned
1140,4377-VDHYI,0.8113,0.1887,Not Churned
1141,6092-QZVPP,0.8711,0.1289,Not Churned
1142,2868-MZAGQ,0.2106,0.7894,Churned
1143,9600-UDOPK,0.519,0.481,Not Churned
1144,2530-ENDWQ,0.8824,0.1176,Not Churned
1145,2971-SGAFL,0.736,0.264,Not Churned
1146,5039-LZRQT,0.9809,0.0191,Not Churned
1147,9027-YFHQJ,0.8434,0.1566,Not Churned
1148,7067-KSAZT,0.7492,0.2508,Not Churned
1149,4443-EMBNA,0.9896,0.0104,Not Churned
1150,7353-YOWFP,0.9629,0.0371,Not Churned
1151,3662-FXJFO,0.9929,0.0071,Not Churned
1152,9067-YGSCA,0.9541,0.0459,Not Churned
1153,8468-FZTOE,0.9576,0.0424,Not Churned
1154,8887-IPQNC,0.6711,0.3289,Not Churned
1155,9507-HSMMZ,0.9924,0.0076,Not Churned
1156,9866-QEVEE,0.4892,0.5108,Churned
1157,3452-SRFEG,0.5286,0.4714,Not Churned
1158,6715-OFDBP,0.5916,0.4084,Not Churned
1159,3370-GQEAL,0.4671,0.5329,Churned
1160,0295-QVKPB,0.7056,0.2944,Not Churned
1161,7148-XZPHA,0.6456,0.3544,Not Churned
1162,9170-ARBTB,0.9885,0.0115,Not Churned
1163,5840-NVDCG,0.9475,0.0525,Not Churned
1164,0550-DCXLH,0.784,0.216,Not Churned
1165,5688-KZTSN,0.9335,0.0665,Not Churned
1166,0207-MDKNV,0.5489,0.4511,Not Churned
1167,6072-NUQCB,0.9738,0.0262,Not Churned
1168,0068-FIGTF,0.8694,0.1306,Not Churned
1169,2984-RGEYA,0.9851,0.0149,Not Churned
1170,0804-XBFBV,0.6856,0.3144,Not Churned
1171,9465-RWMXL,0.4887,0.5113,Churned
1172,1099-BTKWT,0.8518,0.1482,Not Churned
1173,5649-RXQTV,0.5637,0.4363,Not Churned
1174,6507-ZJSUR,0.4891,0.5109,Churned
1175,4123-DVHPH,0.4819,0.5181,Churned
1176,6701-DHKWQ,0.9713,0.0287,Not Churned
1177,8807-ARQET,0.8022,0.1978,Not Churned
1178,4412-YLTKF,0.4952,0.5048,Churned
1179,5233-GEEAX,0.4858,0.5142,Churned
1180,1697-LYYYX,0.9884,0.0116,Not Churned
1181,1142-WACZW,0.5883,0.4117,Not Churned
1182,8220-OCUFY,0.9151,0.0849,Not Churned
1183,8015-IHCGW,0.9445,0.0555,Not Churned
1184,4782-OSFXZ,0.9784,0.0216,Not Churned
1185,1769-GRUIK,0.439,0.561,Churned
1186,9822-WMWVG,0.6519,0.3481,Not Churned
1187,8992-JQYUN,0.3769,0.6231,Churned
1188,7693-QPEFS,0.565,0.435,Not Churned
1189,2277-VWCNI,0.5259,0.4741,Not Churned
1190,4312-KFRXN,0.9939,0.0061,Not Churned
1191,7623-HKYRK,0.8793,0.1207,Not Churned
1192,0991-BRRFB,0.8366,0.1634,Not Churned
1193,3908-BLSYF,0.3931,0.6069,Churned
1194,0947-IDHRQ,0.4183,0.5817,Churned
1195,6586-PSJOX,0.8818,0.1182,Not Churned
1196,4872-JCVCA,0.9848,0.0152,Not Churned
1197,0224-HJAPT,0.5627,0.4373,Not Churned
1198,3951-NJCVI,0.4752,0.5248,Churned
1199,6549-NNDYT,0.7792,0.2208,Not Churned
1200,4891-NLUBA,0.9657,0.0343,Not Churned
1201,0899-WZRSD,0.7144,0.2856,Not Churned
1202,6865-JZNKO,0.8693,0.1307,Not Churned
1203,1976-CFOCS,0.4084,0.5916,Churned
1204,5876-HZVZM,0.8097,0.1903,Not Churned
1205,3466-WAESX,0.8605,0.1395,Not Churned
1206,1015-JPFYW,0.9587,0.0413,Not Churned
1207,8639-NHQEI,0.9335,0.0665,Not Churned
1208,2927-QRRQV,0.8076,0.1924,Not Churned
1209,2637-FKFSY,0.4837,0.5163,Churned
1210,9938-ZREHM,0.8746,0.1254,Not Churned
1211,2868-LLSKM,0.9068,0.0932,Not Churned
1212,0804-YGEQV,0.9815,0.0185,Not Churned
1213,1571-SAVHK,0.4336,0.5664,Churned
1214,0027-KWYKW,0.462,0.538,Churned
1215,5146-CBVOE,0.4817,0.5183,Churned
1216,6651-RLGGM,0.994,0.006,Not Churned
1217,4465-VDKIQ,0.4761,0.5239,Churned
1218,6339-YPSAH,0.4001,0.5999,Churned
1219,0867-MKZVY,0.5712,0.4288,Not Churned
1220,9821-BESNZ,0.7285,0.2715,Not Churned
1221,6427-FEFIG,0.9599,0.0401,Not Churned
1222,4476-OSWTN,0.8215,0.1785,Not Churned
1223,5127-BZENZ,0.9374,0.0626,Not Churned
1224,9972-NKTFD,0.8638,0.1362,Not Churned
1225,8859-DZTGQ,0.9948,0.0052,Not Churned
1226,4115-UMJFQ,0.891,0.109,Not Churned
1227,6108-OQZDQ,0.2824,0.7176,Churned
1228,3173-WSSUE,0.9956,0.0044,Not Churned
1229,9985-MWVIX,0.251,0.749,Churned
1230,6546-OPBBH,0.9885,0.0115,Not Churned
1231,1555-HAPSU,0.9923,0.0077,Not Churned
1232,2514-GINMM,0.1838,0.8162,Churned
1233,4446-BZKHU,0.5843,0.4157,Not Churned
1234,5419-CONWX,0.364,0.636,Churned
1235,9611-CTWIH,0.2584,0.7416,Churned
1236,2202-CUYXZ,0.1929,0.8071,Churned
1237,5204-QZXPU,0.705,0.295,Not Churned
1238,3717-OFRTN,0.6811,0.3189,Not Churned
1239,7929-SKFGK,0.9323,0.0677,Not Churned
1240,4763-PGDPO,0.375,0.625,Churned
1241,6158-HDPXZ,0.5036,0.4964,Not Churned
1242,8356-WUAOJ,0.4276,0.5724,Churned
1243,5884-GCYMI,0.2861,0.7139,Churned
1244,9142-KZXOP,0.631,0.369,Not Churned
1245,1016-DJTSV,0.3808,0.6192,Churned
1246,9817-APLHW,0.913,0.087,Not Churned
1247,9185-TQCVP,0.3387,0.6613,Churned
1248,3745-HRPHI,0.9727,0.0273,Not Churned
1249,3836-FZSDJ,0.9899,0.0101,Not Churned
1250,3638-DIMPH,0.8756,0.1244,Not Churned
1251,7876-AEHIG,0.9366,0.0634,Not Churned
1252,0929-PECLO,0.6219,0.3781,Not Churned
1253,9945-PSVIP,0.9832,0.0168,Not Churned
1254,7609-NRNCA,0.9823,0.0177,Not Churned
1255,6215-NQCPY,0.4029,0.5971,Churned
1256,1767-CJKBA,0.9909,0.0091,Not Churned
1257,2604-XVDAM,0.7679,0.2321,Not Churned
1258,5334-AFQJB,0.9818,0.0182,Not Churned
1259,8495-PRWFH,0.7872,0.2128,Not Churned
1260,0308-GIQJT,0.8045,0.1955,Not Churned
1261,5348-CAGXB,0.3493,0.6507,Churned
1262,5174-ITUMV,0.7577,0.2423,Not Churned
1263,1395-OFUWC,0.811,0.189,Not Churned
1264,4441-NIHPT,0.3923,0.6077,Churned
1265,7021-XSNYE,0.9576,0.0424,Not Churned
1266,3276-HDUEG,0.2093,0.7907,Churned
1267,6784-XYJAE,0.907,0.093,Not Churned
1268,1121-QSIVB,0.81,0.19,Not Churned
1269,0943-ZQPXH,0.5644,0.4356,Not Churned
1270,8165-ZJRNM,0.9924,0.0076,Not Churned
1271,4378-MYPGO,0.9269,0.0731,Not Churned
1272,0880-FVFWF,0.7384,0.2616,Not Churned
1273,1217-VASWC,0.7621,0.2379,Not Churned
1274,5766-XQXMQ,0.8724,0.1276,Not Churned
1275,0774-RMNUW,0.979,0.021,Not Churned
1276,5519-NPHVG,0.3371,0.6629,Churned
1277,3224-DFQNQ,0.8864,0.1136,Not Churned
1278,1752-OZXFY,0.9249,0.0751,Not Churned
1279,3672-YITQD,0.4577,0.5423,Churned
1280,7839-NUIAA,0.8594,0.1406,Not Churned
1281,7919-ZODZZ,0.8606,0.1394,Not Churned
1282,4830-FAXFM,0.9231,0.0769,Not Churned
1283,2211-RMNHO,0.9715,0.0285,Not Churned
1284,3359-DSRKA,0.9955,0.0045,Not Churned
1285,4634-JLRJT,0.7059,0.2941,Not Churned
1286,7009-PCARS,0.9712,0.0288,Not Churned
1287,4883-QICIH,0.5914,0.4086,Not Churned
1288,9681-OXGVC,0.2712,0.7288,Churned
1289,0909-SDHNU,0.743,0.257,Not Churned
1290,2809-ILCYT,0.9726,0.0274,Not Churned
1291,7010-ZMVBF,0.9494,0.0506,Not Churned
1292,9467-ROOLM,0.9339,0.0661,Not Churned
1293,9796-MVYXX,0.9427,0.0573,Not Churned
1294,0067-DKWBL,0.4622,0.5378,Churned
1295,9101-NTIXF,0.8463,0.1537,Not Churned
1296,4360-PNRQB,0.4564,0.5436,Churned
1297,6518-LGAOV,0.5304,0.4696,Not Churned
1298,6114-TCFID,0.9438,0.0562,Not Churned
1299,9388-ZEYVT,0.9135,0.0865,Not Churned
1300,4011-ARPHK,0.8693,0.1307,Not Churned
1301,5141-ZUVBH,0.516,0.484,Not Churned
1302,3696-DFHHB,0.988,0.012,Not Churned
1303,9881-VCZEP,0.827,0.173,Not Churned
1304,3669-WHAFY,0.9575,0.0425,Not Churned
1305,3996-ZNWYK,0.9934,0.0066,Not Churned
1306,4718-DHSMV,0.6828,0.3172,Not Churned
1307,1406-PUQVY,0.4928,0.5072,Churned
1308,5813-UECBU,0.566,0.434,Not Churned
1309,7503-ZGUZJ,0.1986,0.8014,Churned
1310,9018-PCIOK,0.9393,0.0607,Not Churned
1311,4806-DXQCE,0.9288,0.0712,Not Churned
1312,2235-ZGKPT,0.5829,0.4171,Not Churned
1313,1813-JLKWR,0.9765,0.0235,Not Churned
1314,0921-OHLVP,0.4836,0.5164,Churned
1315,8819-WFGGJ,0.9487,0.0513,Not Churned
1316,2446-BEGGB,0.2913,0.7087,Churned
1317,3795-GWTRD,0.9721,0.0279,Not Churned
1318,6231-WFGFH,0.8938,0.1062,Not Churned
1319,7594-RQHXR,0.224,0.776,Churned
1320,7950-XWOVN,0.7383,0.2617,Not Churned
1321,7480-SPLEF,0.9934,0.0066,Not Churned
1322,6905-NIQIN,0.4554,0.5446,Churned
1323,3058-WQDRE,0.6812,0.3188,Not Churned
1324,5311-IHLEI,0.786,0.214,Not Churned
1325,6723-WSNTY,0.8283,0.1717,Not Churned
1326,7251-XFOIL,0.643,0.357,Not Churned
1327,3280-MRDOF,0.9282,0.0718,Not Churned
1328,7246-ZGQDF,0.596,0.404,Not Churned
1329,6582-PLFUU,0.9943,0.0057,Not Churned
1330,0219-YTZUE,0.333,0.667,Churned
1331,2826-DXLQO,0.7174,0.2826,Not Churned
1332,0895-LNKRC,0.9564,0.0436,Not Churned
1333,0390-DCFDQ,0.217,0.783,Churned
1334,1357-MVDOZ,0.7851,0.2149,Not Churned
1335,9054-FOWNV,0.4661,0.5339,Churned
1336,0810-BDHAW,0.8875,0.1125,Not Churned
1337,3269-ATYWD,0.4976,0.5024,Churned
1338,6664-FPDAC,0.7183,0.2817,Not Churned
1339,1996-DBMUS,0.5652,0.4348,Not Churned
1340,8207-VVMYB,0.9906,0.0094,Not Churned
1341,8295-KMENE,0.9827,0.0173,Not Churned
1342,1455-UGQVH,0.3095,0.6905,Churned
1343,7734-DBOAI,0.6134,0.3866,Not Churned
1344,7729-XBTWX,0.9923,0.0077,Not Churned
1345,7716-YTYHG,0.8081,0.1919,Not Churned
1346,0265-EDXBD,0.4736,0.5264,Churned
1347,4983-CLMLV,0.6807,0.3193,Not Churned
1348,1205-WNWPJ,0.7326,0.2674,Not Churned
1349,6005-OBZPH,0.4749,0.5251,Churned
1350,7855-DIWPO,0.5352,0.4648,Not Churned
1351,2180-DXNEG,0.3835,0.6165,Churned
1352,7928-VJYAB,0.4118,0.5882,Churned
1353,1626-ERCMM,0.4443,0.5557,Churned
1354,2688-BHGOG,0.3266,0.6734,Churned
1355,1098-TDVUQ,0.7012,0.2988,Not Churned
1356,0013-MHZWF,0.7452,0.2548,Not Churned
1357,8016-ZMGMO,0.891,0.109,Not Churned
1358,8109-YUOHE,0.9371,0.0629,Not Churned
1359,3398-FSHON,0.3255,0.6745,Churned
1360,1580-BMCMR,0.5566,0.4434,Not Churned
1361,5842-POCOP,0.5418,0.4582,Not Churned
1362,3209-ZPKFI,0.8384,0.1616,Not Churned
1363,7055-JCGNI,0.8968,0.1032,Not Churned
1364,4183-WCSEP,0.5763,0.4237,Not Churned
1365,8003-EWNDZ,0.8871,0.1129,Not Churned
1366,9701-CDXHR,0.6526,0.3474,Not Churned
1367,2428-HYUNX,0.9891,0.0109,Not Churned
1368,3199-XGZCY,0.3483,0.6517,Churned
1369,5649-TJHOV,0.7513,0.2487,Not Churned
1370,8046-DNVTL,0.9717,0.0283,Not Churned
1371,6695-FRVEC,0.9827,0.0173,Not Churned
1372,3957-LXOLK,0.4792,0.5208,Churned
1373,4730-AWNAU,0.937,0.063,Not Churned
1374,6994-FGRHH,0.7919,0.2081,Not Churned
1375,6352-TWCAU,0.4707,0.5293,Churned
1376,8654-DHAOW,0.5078,0.4922,Not Churned
1377,5386-THSLQ,0.8683,0.1317,Not Churned
1378,7924-GJZFI,0.5236,0.4764,Not Churned
1379,1459-QNFQT,0.987,0.013,Not Churned
1380,0074-HDKDG,0.9416,0.0584,Not Churned
1381,4795-UXVCJ,0.9825,0.0175,Not Churned
1382,7890-VYYWG,0.4247,0.5753,Churned
1383,5275-PMFUT,0.9881,0.0119,Not Churned
1384,3158-MOERK,0.2141,0.7859,Churned
1385,0289-IVARM,0.8399,0.1601,Not Churned
1386,5215-LNLDJ,0.609,0.391,Not Churned
1387,9361-YNQWJ,0.977,0.023,Not Churned
1388,8232-CTLKO,0.9174,0.0826,Not Churned
1389,9747-DDZOS,0.2773,0.7227,Churned
1390,1513-XNPPH,0.5215,0.4785,Not Churned
1391,2272-JKMSI,0.7513,0.2487,Not Churned
1392,5995-LFTLE,0.9741,0.0259,Not Churned
1393,8292-TYSPY,0.8479,0.1521,Not Churned
1394,0670-KDOMA,0.6998,0.3002,Not Churned
1395,6674-KVJHG,0.9003,0.0997,Not Churned
1396,2753-JMMCV,0.9655,0.0345,Not Churned
1397,2851-MMUTZ,0.8457,0.1543,Not Churned
1398,4697-LUPSU,0.8811,0.1189,Not Churned
1399,7663-RGWBC,0.4311,0.5689,Churned
1400,6705-LXORM,0.3757,0.6243,Churned
1401,9752-ZNQUT,0.4615,0.5385,Churned
1402,0877-SDMBN,0.8165,0.1835,Not Churned
1403,5555-RNPGT,0.8856,0.1144,Not Churned
1404,4628-CTTLA,0.7856,0.2144,Not Churned
1405,0516-QREYC,0.9379,0.0621,Not Churned
1406,5198-HQAEN,0.7829,0.2171,Not Churned
